-- phpMyAdmin SQL Dump
-- version 5.2.1
-- https://www.phpmyadmin.net/
--
-- Хост: 127.0.0.1
-- Время создания: Май 21 2025 г., 16:57
-- Версия сервера: 10.4.32-MariaDB
-- Версия PHP: 8.2.12

SET SQL_MODE = "NO_AUTO_VALUE_ON_ZERO";
START TRANSACTION;
SET time_zone = "+00:00";


/*!40101 SET @OLD_CHARACTER_SET_CLIENT=@@CHARACTER_SET_CLIENT */;
/*!40101 SET @OLD_CHARACTER_SET_RESULTS=@@CHARACTER_SET_RESULTS */;
/*!40101 SET @OLD_COLLATION_CONNECTION=@@COLLATION_CONNECTION */;
/*!40101 SET NAMES utf8mb4 */;

--
-- База данных: `pool`
--

-- --------------------------------------------------------

--
-- Структура таблицы `bar_items`
--

CREATE TABLE `bar_items` (
  `id` bigint(20) UNSIGNED NOT NULL,
  `name` varchar(255) NOT NULL,
  `status` bigint(20) NOT NULL,
  `created_at` timestamp NOT NULL DEFAULT current_timestamp() ON UPDATE current_timestamp(),
  `updated_at` timestamp NOT NULL DEFAULT current_timestamp(),
  `price` varchar(255) NOT NULL,
  `category` varchar(255) NOT NULL,
  `description` longtext NOT NULL,
  `img_url` varchar(255) DEFAULT NULL
) ENGINE=InnoDB DEFAULT CHARSET=utf8mb4 COLLATE=utf8mb4_general_ci;

--
-- Дамп данных таблицы `bar_items`
--

INSERT INTO `bar_items` (`id`, `name`, `status`, `created_at`, `updated_at`, `price`, `category`, `description`, `img_url`) VALUES
(301, 'Piña Colada', 1, '2025-04-25 13:24:53', '0000-00-00 00:00:00', '1250', 'drink', '', ''),
(302, 'Chicken Wrap', 1, '2025-04-25 13:24:53', '0000-00-00 00:00:00', '899', 'food', '', ''),
(303, 'Swim Goggles', 1, '2025-04-25 13:35:08', '0000-00-00 00:00:00', '1500', 'item', '', ''),
(304, 'Virgin Mojito', 1, '2025-04-25 13:33:18', '0000-00-00 00:00:00', '850', 'drink', 'Fresh lime mint mocktail', ''),
(305, 'Margarita', 1, '2025-04-25 13:33:18', '0000-00-00 00:00:00', '1450', 'drink', 'Classic tequila cocktail with salt rim', ''),
(306, 'Iced Coffee', 1, '2025-04-25 13:33:18', '0000-00-00 00:00:00', '650', 'drink', 'Cold brew with vanilla syrup', ''),
(307, 'Tropical Smoothie', 1, '2025-04-25 13:35:08', '0000-00-00 00:00:00', '950', 'drink', 'Mango-pineapple blend (seasonal)', ''),
(308, 'Mineral Water', 1, '2025-04-25 13:33:18', '0000-00-00 00:00:00', '300', 'drink', '500ml bottled spring water', ''),
(309, 'Nachos Supreme', 1, '2025-04-25 13:33:18', '0000-00-00 00:00:00', '1200', 'food', 'Tortilla chips with cheese dip & guacamole', ''),
(310, 'Caesar Salad', 1, '2025-04-25 13:33:18', '0000-00-00 00:00:00', '1350', 'food', 'Classic salad with grilled chicken', ''),
(311, 'Fish Tacos', 1, '2025-04-25 13:33:18', '0000-00-00 00:00:00', '1650', 'food', 'Baja-style with lime crema', ''),
(312, 'Fruit Platter', 1, '2025-04-25 13:33:18', '0000-00-00 00:00:00', '950', 'food', 'Seasonal fresh cut fruits', ''),
(313, 'Chocolate Cake', 1, '2025-04-25 13:35:08', '0000-00-00 00:00:00', '750', 'food', 'Decadent flourless dessert', ''),
(314, 'Sunscreen SPF50', 1, '2025-04-25 13:33:18', '0000-00-00 00:00:00', '2200', 'item', 'Water-resistant protection', ''),
(315, 'Waterproof Phone Case', 1, '2025-04-25 13:33:18', '0000-00-00 00:00:00', '3500', 'item', 'Universal smartphone pouch', ''),
(316, 'Beach Towel', 1, '2025-04-25 13:33:18', '0000-00-00 00:00:00', '2800', 'item', 'Premium cotton pool towel', ''),
(317, 'Swim Cap', 1, '2025-04-25 13:33:18', '0000-00-00 00:00:00', '800', 'item', 'Silicone swimming accessory', ''),
(318, 'Flip Flops', 1, '2025-04-25 13:35:08', '0000-00-00 00:00:00', '1500', 'item', 'Disposable rubber sandals', ''),
(319, 'Poolside Sangria', 1, '2025-04-25 13:33:18', '0000-00-00 00:00:00', '1750', 'drink', 'Red wine fruit punch pitcher', ''),
(320, 'Shrimp Skewers', 1, '2025-04-25 13:33:18', '0000-00-00 00:00:00', '1950', 'food', 'Grilled prawns with chili lime', ''),
(321, 'Floating Tray', 1, '2025-04-25 13:33:18', '0000-00-00 00:00:00', '4200', 'item', 'Waterproof drink holder', ''),
(322, 'Protein Bar', 1, '2025-04-25 13:33:18', '0000-00-00 00:00:00', '450', 'food', 'Energy snack for swimmers', ''),
(323, 'Pool Toy Set', 1, '2025-04-25 13:33:18', '0000-00-00 00:00:00', '6500', 'item', 'Inflatable rings and balls', ''),
(324, 'Bobur Anvar ugli Abdurakhimov', 1, '2025-05-02 07:12:57', '2025-05-02 07:12:57', '12121', 'item', '200', NULL),
(325, '10000', 1, '2025-05-02 07:13:12', '2025-05-02 07:13:12', '1666666', 'food', '20', NULL);

-- --------------------------------------------------------

--
-- Структура таблицы `billing_records`
--

CREATE TABLE `billing_records` (
  `id` bigint(20) UNSIGNED NOT NULL,
  `client_id` bigint(20) NOT NULL,
  `bar_items_order_id` bigint(20) DEFAULT NULL,
  `pool_order_id` bigint(20) DEFAULT NULL,
  `booking_id` bigint(20) DEFAULT NULL,
  `status` bigint(20) NOT NULL,
  `created_at` timestamp NOT NULL DEFAULT current_timestamp() ON UPDATE current_timestamp(),
  `updated_at` timestamp NOT NULL DEFAULT current_timestamp(),
  `receipt_id` varchar(255) NOT NULL,
  `total_bill` bigint(20) NOT NULL,
  `penalty_id` bigint(20) DEFAULT NULL
) ENGINE=InnoDB DEFAULT CHARSET=utf8mb4 COLLATE=utf8mb4_general_ci;

--
-- Дамп данных таблицы `billing_records`
--

INSERT INTO `billing_records` (`id`, `client_id`, `bar_items_order_id`, `pool_order_id`, `booking_id`, `status`, `created_at`, `updated_at`, `receipt_id`, `total_bill`, `penalty_id`) VALUES
(801, 101, 601, 701, 501, 1, '2025-04-25 13:35:08', '0000-00-00 00:00:00', '', 14500, NULL),
(802, 102, 602, 702, 502, 1, '2025-04-25 13:35:08', '0000-00-00 00:00:00', '', 13947, NULL),
(803, 103, 603, 703, 503, 1, '2025-04-25 13:35:08', '0000-00-00 00:00:00', '', 12500, NULL),
(804, 202, NULL, NULL, NULL, 1, '2025-04-30 13:01:10', '2025-04-30 13:01:10', 'R-20250430-202-8070', 0, NULL),
(805, 202, NULL, NULL, NULL, 1, '2025-04-30 13:01:48', '2025-04-30 13:01:48', 'R-20250430-202-8108', 5850, NULL),
(806, 201, NULL, 752, NULL, 1, '2025-04-30 13:06:55', '2025-04-30 13:06:55', 'R-20250430-201-8415', 6000, NULL),
(807, 201, NULL, 757, NULL, 1, '2025-04-30 13:06:55', '2025-04-30 13:06:55', 'R-20250430-201-8415', 7900, NULL),
(808, 201, 615, NULL, NULL, 1, '2025-04-30 13:06:55', '2025-04-30 13:06:55', 'R-20250430-201-8415', 1200, NULL),
(809, 201, 616, NULL, NULL, 1, '2025-04-30 13:06:55', '2025-04-30 13:06:55', 'R-20250430-201-8415', 1350, NULL),
(810, 201, 617, NULL, NULL, 1, '2025-04-30 13:06:55', '2025-04-30 13:06:55', 'R-20250430-201-8415', 1500, NULL),
(811, 201, 618, NULL, NULL, 1, '2025-04-30 13:06:55', '2025-04-30 13:06:55', 'R-20250430-201-8415', 13200, NULL),
(812, 201, 621, NULL, NULL, 1, '2025-04-30 13:06:55', '2025-04-30 13:06:55', 'R-20250430-201-8415', 1350, NULL),
(813, 201, NULL, 758, NULL, 1, '2025-04-30 13:12:46', '2025-04-30 13:12:46', 'R-20250430-201-8766', 4500, NULL),
(814, 114, NULL, 759, NULL, 1, '2025-05-01 05:40:16', '2025-05-01 05:40:16', 'R-20250501-114-8016', 6000, NULL),
(815, 202, NULL, 1, NULL, 1, '2025-05-01 06:12:18', '2025-05-01 06:12:18', 'R-20250501-202-9938', 6000, NULL),
(816, 201, NULL, 2, NULL, 1, '2025-05-01 06:19:10', '2025-05-01 06:19:10', 'R-20250501-201-0350', 6000, NULL),
(817, 201, NULL, 3, NULL, 1, '2025-05-01 06:24:13', '2025-05-01 06:24:13', 'R-20250501-201-0653', 6000, NULL),
(818, 200, NULL, 4, NULL, 1, '2025-05-01 06:27:16', '2025-05-01 06:27:16', 'R-20250501-200-0836', 6000, NULL),
(819, 200, 610, NULL, NULL, 1, '2025-05-01 06:27:16', '2025-05-01 06:27:16', 'R-20250501-200-0836', 1200, NULL),
(820, 200, 611, NULL, NULL, 1, '2025-05-01 06:27:16', '2025-05-01 06:27:16', 'R-20250501-200-0836', 2200, NULL),
(821, 200, 612, NULL, NULL, 1, '2025-05-01 06:27:16', '2025-05-01 06:27:16', 'R-20250501-200-0836', 850, NULL),
(822, 197, NULL, 5, NULL, 1, '2025-05-01 06:29:32', '2025-05-01 06:29:32', 'R-20250501-197-0972', 6000, NULL),
(823, 199, NULL, 7, NULL, 1, '2025-05-01 07:57:59', '2025-05-01 07:57:59', 'R-20250501-199-6279', 4500, NULL),
(824, 199, NULL, 8, NULL, 1, '2025-05-01 07:57:59', '2025-05-01 07:57:59', 'R-20250501-199-6279', 6000, NULL),
(825, 202, NULL, 6, NULL, 1, '2025-05-01 08:15:12', '2025-05-01 08:15:12', 'R-20250501-202-7312', 4500, NULL),
(826, 202, NULL, NULL, NULL, 1, '2025-05-01 08:15:12', '2025-05-01 08:15:12', 'R-20250501-202-7312', 100, 7013),
(827, 199, NULL, NULL, NULL, 1, '2025-05-01 08:15:21', '2025-05-01 08:15:21', 'R-20250501-199-7321', 1000, 7012),
(828, 199, NULL, NULL, NULL, 1, '2025-05-01 08:15:21', '2025-05-01 08:15:21', 'R-20250501-199-7321', 20, 7014),
(829, 199, NULL, 10, NULL, 1, '2025-05-01 08:24:01', '2025-05-01 08:24:01', 'R-20250501-199-7841', 5500, NULL),
(830, 202, NULL, 9, NULL, 1, '2025-05-01 12:09:30', '2025-05-01 12:09:30', 'R-20250501-202-1370', 7900, NULL),
(831, 202, NULL, 11, NULL, 1, '2025-05-01 12:09:30', '2025-05-01 12:09:30', 'R-20250501-202-1370', 5500, NULL),
(832, 202, NULL, 12, NULL, 1, '2025-05-01 12:09:30', '2025-05-01 12:09:30', 'R-20250501-202-1370', 6000, NULL),
(833, 202, NULL, 13, NULL, 1, '2025-05-01 12:09:30', '2025-05-01 12:09:30', 'R-20250501-202-1370', 4800, NULL),
(834, 202, NULL, 14, NULL, 1, '2025-05-01 12:16:33', '2025-05-01 12:16:33', 'R-20250501-202-1793', 7200, NULL),
(835, 202, NULL, 15, NULL, 1, '2025-05-01 12:16:33', '2025-05-01 12:16:33', 'R-20250501-202-1793', 6000, NULL),
(836, 202, NULL, 16, NULL, 1, '2025-05-01 12:16:33', '2025-05-01 12:16:33', 'R-20250501-202-1793', 8500, NULL),
(837, 202, NULL, 17, NULL, 1, '2025-05-01 12:16:33', '2025-05-01 12:16:33', 'R-20250501-202-1793', 7200, NULL),
(838, 202, NULL, 18, NULL, 1, '2025-05-01 12:22:40', '2025-05-01 12:22:40', 'R-20250501-202-2160', 8500, NULL),
(839, 202, NULL, 19, NULL, 1, '2025-05-01 12:22:40', '2025-05-01 12:22:40', 'R-20250501-202-2160', 5500, NULL),
(840, 202, NULL, 21, NULL, 1, '2025-05-01 12:44:05', '2025-05-01 12:44:05', 'R-20250501-202-3445', 4500, NULL),
(841, 202, NULL, 22, NULL, 1, '2025-05-01 12:44:05', '2025-05-01 12:44:05', 'R-20250501-202-3445', 5500, NULL),
(842, 202, NULL, 23, NULL, 1, '2025-05-01 12:44:05', '2025-05-01 12:44:05', 'R-20250501-202-3445', 4800, NULL),
(843, 202, NULL, 24, NULL, 1, '2025-05-01 12:49:53', '2025-05-01 12:49:53', 'R-20250501-202-3793', 4500, NULL),
(844, 202, NULL, 25, NULL, 1, '2025-05-01 12:49:53', '2025-05-01 12:49:53', 'R-20250501-202-3793', 8500, NULL),
(845, 196, NULL, 26, NULL, 1, '2025-05-01 12:55:28', '2025-05-01 12:55:28', 'R-20250501-196-4128', 4500, NULL),
(846, 196, NULL, 27, NULL, 1, '2025-05-01 12:55:28', '2025-05-01 12:55:28', 'R-20250501-196-4128', 4500, NULL),
(847, 202, NULL, 28, NULL, 1, '2025-05-01 19:19:02', '2025-05-01 19:19:02', 'R-20250501-202-7142', 4500, NULL),
(848, 201, NULL, 29, NULL, 1, '2025-05-01 19:21:56', '2025-05-01 19:21:56', 'R-20250501-201-7316', 4500, NULL),
(849, 201, NULL, 30, NULL, 1, '2025-05-01 19:31:37', '2025-05-01 19:31:37', 'R-20250501-201-7897', 4500, NULL),
(850, 202, NULL, 31, NULL, 1, '2025-05-01 19:32:11', '2025-05-01 19:32:11', 'R-20250501-202-7931', 9500, NULL),
(851, 202, NULL, 32, NULL, 1, '2025-05-01 19:34:31', '2025-05-01 19:34:31', 'R-20250501-202-8071', 7200, NULL),
(852, 140, NULL, 33, NULL, 1, '2025-05-01 20:04:35', '2025-05-01 20:04:35', 'R-20250501-140-9875', 0, NULL),
(853, 202, NULL, 34, NULL, 1, '2025-05-01 20:09:51', '2025-05-01 20:09:51', 'R-20250501-202-0191', 340, NULL),
(854, 202, NULL, 35, NULL, 1, '2025-05-01 20:09:51', '2025-05-01 20:09:51', 'R-20250501-202-0191', 275, NULL),
(855, 202, NULL, 36, NULL, 1, '2025-05-01 20:09:51', '2025-05-01 20:09:51', 'R-20250501-202-0191', 0, NULL),
(856, 202, NULL, 37, NULL, 1, '2025-05-01 20:22:11', '2025-05-01 20:22:11', 'R-20250501-202-0931', 1440, NULL),
(857, 202, NULL, 38, NULL, 1, '2025-05-01 20:22:11', '2025-05-01 20:22:11', 'R-20250501-202-0931', 1008, NULL),
(858, 202, NULL, 39, NULL, 1, '2025-05-01 20:22:11', '2025-05-01 20:22:11', 'R-20250501-202-0931', 395, NULL),
(859, 202, NULL, 40, NULL, 1, '2025-05-01 20:22:11', '2025-05-01 20:22:11', 'R-20250501-202-0931', 227, NULL),
(860, 202, NULL, 41, NULL, 1, '2025-05-01 20:22:11', '2025-05-01 20:22:11', 'R-20250501-202-0931', 240, NULL),
(861, 196, NULL, 42, NULL, 1, '2025-05-01 20:41:42', '2025-05-01 20:41:42', 'R-20250501-196-2102', 750, NULL),
(862, 196, NULL, 43, NULL, 1, '2025-05-01 20:41:42', '2025-05-01 20:41:42', 'R-20250501-196-2102', 1200, NULL),
(863, 202, NULL, 44, NULL, 1, '2025-05-02 06:03:19', '2025-05-02 06:03:19', 'R-20250502-202-5799', 100, NULL),
(864, 202, NULL, 45, NULL, 1, '2025-05-02 06:03:19', '2025-05-02 06:03:19', 'R-20250502-202-5799', 75, NULL),
(865, 202, 624, NULL, NULL, 1, '2025-05-02 06:03:19', '2025-05-02 06:03:19', 'R-20250502-202-5799', 899, NULL),
(866, 202, 625, NULL, NULL, 1, '2025-05-02 06:03:19', '2025-05-02 06:03:19', 'R-20250502-202-5799', 1250, NULL),
(867, 202, 626, NULL, NULL, 1, '2025-05-02 06:03:19', '2025-05-02 06:03:19', 'R-20250502-202-5799', 1500, NULL),
(868, 202, NULL, NULL, NULL, 1, '2025-05-02 06:03:19', '2025-05-02 06:03:19', 'R-20250502-202-5799', 1000, 7015),
(869, 201, NULL, 46, NULL, 1, '2025-05-02 06:19:32', '2025-05-02 06:19:32', 'R-20250502-201-6772', 6000, NULL),
(870, 201, NULL, 47, NULL, 1, '2025-05-02 06:19:32', '2025-05-02 06:19:32', 'R-20250502-201-6772', 4500, NULL),
(871, 201, NULL, 50, NULL, 1, '2025-05-02 06:19:32', '2025-05-02 06:19:32', 'R-20250502-201-6772', 7200, NULL),
(872, 201, NULL, 51, NULL, 1, '2025-05-02 06:19:32', '2025-05-02 06:19:32', 'R-20250502-201-6772', 4800, NULL),
(873, 201, NULL, 52, NULL, 1, '2025-05-02 06:19:39', '2025-05-02 06:19:39', 'R-20250502-201-6779', 8500, NULL),
(874, 202, NULL, 53, NULL, 1, '2025-05-02 06:19:48', '2025-05-02 06:19:48', 'R-20250502-202-6788', 0, NULL),
(875, 198, NULL, 58, NULL, 1, '2025-05-02 06:23:13', '2025-05-02 06:23:13', 'R-20250502-198-6993', 4500, NULL),
(876, 198, NULL, 59, NULL, 1, '2025-05-02 06:30:32', '2025-05-02 06:30:32', 'R-20250502-198-7432', 5500, NULL),
(877, 195, NULL, 56, NULL, 1, '2025-05-02 08:05:08', '2025-05-02 08:05:08', 'R-20250502-195-3108', 11560, NULL),
(878, 195, NULL, 57, NULL, 1, '2025-05-02 08:05:08', '2025-05-02 08:05:08', 'R-20250502-195-3108', 13430, NULL),
(879, 202, NULL, 54, NULL, 1, '2025-05-02 08:05:13', '2025-05-02 08:05:13', 'R-20250502-202-3113', 7725, NULL),
(880, 202, NULL, 55, NULL, 1, '2025-05-02 08:05:13', '2025-05-02 08:05:13', 'R-20250502-202-3113', 8240, NULL),
(881, 201, NULL, 63, NULL, 1, '2025-05-02 10:44:01', '2025-05-02 10:44:01', 'R-20250502-201-2641', 5500, NULL),
(882, 202, NULL, 61, NULL, 1, '2025-05-02 10:56:07', '2025-05-02 10:56:07', 'R-20250502-202-3367', 0, NULL),
(883, 202, NULL, 62, NULL, 1, '2025-05-02 10:56:07', '2025-05-02 10:56:07', 'R-20250502-202-3367', 2700, NULL),
(884, 202, 627, NULL, NULL, 1, '2025-05-02 10:56:07', '2025-05-02 10:56:07', 'R-20250502-202-3367', 899, NULL),
(885, 202, 628, NULL, NULL, 1, '2025-05-02 10:56:07', '2025-05-02 10:56:07', 'R-20250502-202-3367', 1200, NULL),
(886, 202, 629, NULL, NULL, 1, '2025-05-02 10:56:07', '2025-05-02 10:56:07', 'R-20250502-202-3367', 1350, NULL),
(887, 202, NULL, NULL, NULL, 1, '2025-05-02 10:56:07', '2025-05-02 10:56:07', 'R-20250502-202-3367', 1555, 7016),
(888, 202, NULL, 64, NULL, 1, '2025-05-02 10:56:25', '2025-05-02 10:56:25', 'R-20250502-202-3385', 0, NULL),
(889, 202, NULL, 65, NULL, 1, '2025-05-02 10:56:25', '2025-05-02 10:56:25', 'R-20250502-202-3385', 0, NULL),
(890, 202, NULL, 66, NULL, 1, '2025-05-02 10:59:23', '2025-05-02 10:59:23', 'R-20250502-202-3563', 0, NULL),
(891, 196, NULL, 67, NULL, 1, '2025-05-02 10:59:52', '2025-05-02 10:59:52', 'R-20250502-196-3592', 0, NULL),
(892, 196, NULL, 68, NULL, 1, '2025-05-02 10:59:52', '2025-05-02 10:59:52', 'R-20250502-196-3592', 0, NULL),
(893, 201, NULL, 71, NULL, 1, '2025-05-05 08:41:25', '2025-05-05 08:41:25', 'R-20250505-201-4485', 6000, NULL),
(894, 201, NULL, 72, NULL, 1, '2025-05-05 08:45:08', '2025-05-05 08:45:08', 'R-20250505-201-4708', 4500, NULL),
(895, 153, NULL, 73, NULL, 1, '2025-05-05 08:47:17', '2025-05-05 08:47:17', 'R-20250505-153-4837', 0, NULL),
(896, 202, NULL, 70, NULL, 1, '2025-05-05 08:49:00', '2025-05-05 08:49:00', 'R-20250505-202-4940', 1200, NULL),
(897, 196, NULL, 69, NULL, 1, '2025-05-05 08:49:07', '2025-05-05 08:49:07', 'R-20250505-196-4947', 1400, NULL),
(898, 201, NULL, 75, NULL, 1, '2025-05-05 08:49:49', '2025-05-05 08:49:49', 'R-20250505-201-4989', 5500, NULL),
(899, 152, NULL, 78, NULL, 1, '2025-05-05 08:54:33', '2025-05-05 08:54:33', 'R-20250505-152-5273', 120, NULL),
(900, 178, NULL, 81, NULL, 1, '2025-05-05 08:56:28', '2025-05-05 08:56:28', 'R-20250505-178-5388', 4500, NULL),
(901, 109, NULL, 83, NULL, 1, '2025-05-05 09:05:10', '2025-05-05 09:05:10', 'R-20250505-109-5910', 80, NULL),
(902, 177, NULL, 82, NULL, 1, '2025-05-05 09:05:25', '2025-05-05 09:05:25', 'R-20250505-177-5925', 0, NULL),
(903, 177, NULL, 84, NULL, 1, '2025-05-05 09:05:25', '2025-05-05 09:05:25', 'R-20250505-177-5925', 0, NULL),
(904, 146, NULL, 80, NULL, 1, '2025-05-05 09:05:30', '2025-05-05 09:05:30', 'R-20250505-146-5930', 900, NULL),
(905, 178, NULL, NULL, NULL, 1, '2025-05-05 09:09:46', '2025-05-05 09:09:46', 'R-20250505-178-6186', 100, 7017),
(906, 146, NULL, 85, NULL, 1, '2025-05-06 02:48:34', '2025-05-06 02:48:34', 'R-20250506-146-9714', 81280, NULL),
(907, 146, 630, NULL, NULL, 1, '2025-05-06 02:48:34', '2025-05-06 02:48:34', 'R-20250506-146-9714', 1350, NULL),
(908, 146, 631, NULL, NULL, 1, '2025-05-06 02:48:34', '2025-05-06 02:48:34', 'R-20250506-146-9714', 1200, NULL),
(909, 178, NULL, 87, NULL, 1, '2025-05-06 03:23:57', '2025-05-06 03:23:57', 'R-20250506-178-1837', 4800, NULL),
(910, 178, NULL, 90, NULL, 1, '2025-05-06 03:35:02', '2025-05-06 03:35:02', 'R-20250506-178-2502', 5500, NULL),
(911, 105, NULL, 93, NULL, 1, '2025-05-06 03:36:44', '2025-05-06 03:36:44', 'R-20250506-105-2604', 4500, NULL),
(912, 105, NULL, 94, NULL, 1, '2025-05-06 03:39:29', '2025-05-06 03:39:29', 'R-20250506-105-2769', 4800, NULL),
(913, 105, NULL, 96, NULL, 1, '2025-05-06 03:43:52', '2025-05-06 03:43:52', 'R-20250506-105-3032', 5500, NULL),
(914, 203, NULL, 97, NULL, 1, '2025-05-06 03:46:30', '2025-05-06 03:46:30', 'R-20250506-203-3190', 0, NULL),
(915, 203, NULL, 98, NULL, 1, '2025-05-06 03:46:30', '2025-05-06 03:46:30', 'R-20250506-203-3190', 132, NULL),
(916, 203, 632, NULL, NULL, 1, '2025-05-06 03:46:30', '2025-05-06 03:46:30', 'R-20250506-203-3190', 899, NULL),
(917, 203, 633, NULL, NULL, 1, '2025-05-06 03:46:30', '2025-05-06 03:46:30', 'R-20250506-203-3190', 1200, NULL),
(918, 203, 634, NULL, NULL, 1, '2025-05-06 03:46:30', '2025-05-06 03:46:30', 'R-20250506-203-3190', 1250, NULL),
(919, 203, 635, NULL, NULL, 1, '2025-05-06 03:46:30', '2025-05-06 03:46:30', 'R-20250506-203-3190', 850, NULL),
(920, 203, 636, NULL, NULL, 1, '2025-05-06 03:46:30', '2025-05-06 03:46:30', 'R-20250506-203-3190', 1450, NULL),
(921, 203, 637, NULL, NULL, 1, '2025-05-06 03:46:30', '2025-05-06 03:46:30', 'R-20250506-203-3190', 1500, NULL),
(922, 203, 638, NULL, NULL, 1, '2025-05-06 03:46:30', '2025-05-06 03:46:30', 'R-20250506-203-3190', 2200, NULL),
(923, 203, NULL, NULL, NULL, 1, '2025-05-06 03:46:30', '2025-05-06 03:46:30', 'R-20250506-203-3190', 1300, 7018),
(924, 105, NULL, NULL, NULL, 1, '2025-05-06 03:46:45', '2025-05-06 03:46:45', 'R-20250506-105-3205', 15610, 7019),
(925, 105, 639, NULL, NULL, 1, '2025-05-06 03:47:04', '2025-05-06 03:47:04', 'R-20250506-105-3224', 899, NULL),
(926, 105, 640, NULL, NULL, 1, '2025-05-06 03:47:04', '2025-05-06 03:47:04', 'R-20250506-105-3224', 1200, NULL),
(927, 105, 641, NULL, NULL, 1, '2025-05-06 03:47:04', '2025-05-06 03:47:04', 'R-20250506-105-3224', 1350, NULL),
(928, 105, 642, NULL, NULL, 1, '2025-05-06 03:47:04', '2025-05-06 03:47:04', 'R-20250506-105-3224', 1250, NULL),
(929, 106, NULL, 95, NULL, 1, '2025-05-06 03:47:15', '2025-05-06 03:47:15', 'R-20250506-106-3235', 300, NULL),
(930, 105, NULL, 100, NULL, 1, '2025-05-06 04:00:19', '2025-05-06 04:00:19', 'R-20250506-105-4019', 4800, NULL),
(931, 190, NULL, 101, NULL, 1, '2025-05-06 04:14:29', '2025-05-06 04:14:29', 'R-20250506-190-4869', 6000, NULL),
(932, 105, NULL, 103, NULL, 1, '2025-05-06 04:15:24', '2025-05-06 04:15:24', 'R-20250506-105-4924', 5500, NULL),
(933, 149, NULL, 104, NULL, 1, '2025-05-06 04:15:40', '2025-05-06 04:15:40', 'R-20250506-149-4940', 6800, NULL),
(934, 148, NULL, 107, NULL, 1, '2025-05-06 04:17:22', '2025-05-06 04:17:22', 'R-20250506-148-5042', 6000, NULL),
(935, 148, NULL, 108, NULL, 1, '2025-05-06 04:17:37', '2025-05-06 04:17:37', 'R-20250506-148-5057', 4500, NULL),
(936, 125, NULL, 109, NULL, 1, '2025-05-06 04:18:33', '2025-05-06 04:18:33', 'R-20250506-125-5113', 0, NULL),
(937, 125, NULL, 110, NULL, 1, '2025-05-06 04:18:33', '2025-05-06 04:18:33', 'R-20250506-125-5113', 80, NULL),
(938, 150, NULL, 113, NULL, 1, '2025-05-06 06:20:56', '2025-05-06 06:20:56', 'R-20250506-150-2456', 6000, NULL),
(939, 150, NULL, 114, NULL, 1, '2025-05-06 06:24:02', '2025-05-06 06:24:02', 'R-20250506-150-2642', 5500, NULL),
(940, 170, NULL, 115, NULL, 1, '2025-05-06 06:25:07', '2025-05-06 06:25:07', 'R-20250506-170-2707', 4500, NULL),
(941, 170, NULL, 118, NULL, 1, '2025-05-06 06:25:37', '2025-05-06 06:25:37', 'R-20250506-170-2737', 5500, NULL),
(942, 115, NULL, 116, NULL, 1, '2025-05-06 06:28:48', '2025-05-06 06:28:48', 'R-20250506-115-2928', 0, NULL),
(943, 115, NULL, 117, NULL, 1, '2025-05-06 06:28:48', '2025-05-06 06:28:48', 'R-20250506-115-2928', 240, NULL),
(944, 115, NULL, 119, NULL, 1, '2025-05-06 06:28:48', '2025-05-06 06:28:48', 'R-20250506-115-2928', 0, NULL),
(945, 204, NULL, 120, NULL, 1, '2025-05-06 06:30:42', '2025-05-06 06:30:42', 'R-20250506-204-3042', 158, NULL),
(946, 204, 643, NULL, NULL, 1, '2025-05-06 06:30:42', '2025-05-06 06:30:42', 'R-20250506-204-3042', 3596, NULL),
(947, 204, 644, NULL, NULL, 1, '2025-05-06 06:30:42', '2025-05-06 06:30:42', 'R-20250506-204-3042', 1200, NULL),
(948, 204, 645, NULL, NULL, 1, '2025-05-06 06:30:42', '2025-05-06 06:30:42', 'R-20250506-204-3042', 1500, NULL),
(949, 204, 646, NULL, NULL, 1, '2025-05-06 06:30:42', '2025-05-06 06:30:42', 'R-20250506-204-3042', 2200, NULL),
(950, 204, NULL, NULL, NULL, 1, '2025-05-06 06:30:42', '2025-05-06 06:30:42', 'R-20250506-204-3042', 100, 7020);

-- --------------------------------------------------------

--
-- Структура таблицы `booking`
--

CREATE TABLE `booking` (
  `id` bigint(20) NOT NULL,
  `client_id` bigint(20) NOT NULL,
  `booking_date` date NOT NULL,
  `booking_time` time NOT NULL,
  `pool_id` bigint(20) NOT NULL,
  `num_guests` int(11) NOT NULL,
  `status` varchar(255) NOT NULL,
  `created_at` timestamp NOT NULL DEFAULT current_timestamp(),
  `updated_at` timestamp NULL DEFAULT NULL ON UPDATE current_timestamp()
) ENGINE=InnoDB DEFAULT CHARSET=utf8mb4 COLLATE=utf8mb4_general_ci;

--
-- Дамп данных таблицы `booking`
--

INSERT INTO `booking` (`id`, `client_id`, `booking_date`, `booking_time`, `pool_id`, `num_guests`, `status`, `created_at`, `updated_at`) VALUES
(14, 112, '2025-06-06', '10:00:00', 208, 13, 'pending', '2025-05-06 03:09:26', '2025-05-06 03:22:16'),
(15, 112, '2025-06-06', '10:00:00', 206, 10, 'cancelled', '2025-05-06 03:09:42', '2025-05-06 03:22:25'),
(16, 135, '2025-08-06', '10:00:00', 204, 15, 'pending', '2025-05-06 03:22:38', '2025-05-06 03:28:12'),
(17, 107, '2025-05-09', '10:00:00', 208, 1, 'pending', '2025-05-06 03:44:47', '2025-05-06 03:45:00');

-- --------------------------------------------------------

--
-- Структура таблицы `client`
--

CREATE TABLE `client` (
  `id` bigint(20) UNSIGNED NOT NULL,
  `full_name` varchar(255) NOT NULL,
  `phone_number` varchar(255) NOT NULL,
  `created_at` timestamp NOT NULL DEFAULT current_timestamp() ON UPDATE current_timestamp(),
  `updated_at` timestamp NOT NULL DEFAULT '0000-00-00 00:00:00',
  `status` bigint(20) NOT NULL,
  `status_client` varchar(255) NOT NULL
) ENGINE=InnoDB DEFAULT CHARSET=utf8mb4 COLLATE=utf8mb4_general_ci;

--
-- Дамп данных таблицы `client`
--

INSERT INTO `client` (`id`, `full_name`, `phone_number`, `created_at`, `updated_at`, `status`, `status_client`) VALUES
(101, 'Olivia Kim', '+82-10-5555-1234', '2025-04-25 13:35:08', '0000-00-00 00:00:00', 1, 'VIP'),
(102, 'Raj Patel', '+91-98765-43210', '2025-04-25 13:35:08', '0000-00-00 00:00:00', 1, 'Regular'),
(103, 'Sophie Müller', '+49-151-555-6789', '2025-04-25 13:35:08', '0000-00-00 00:00:00', 1, 'VIP'),
(104, 'Liam Nguyen', '+84-98-555-1234', '2025-04-25 14:21:18', '0000-00-00 00:00:00', 1, 'VIP'),
(105, 'Emma Wilson', '+44-7911-555555', '2025-04-25 14:21:18', '0000-00-00 00:00:00', 1, 'Regular'),
(106, 'Hiroshi Tanaka', '+81-90-5555-6666', '2025-04-25 14:21:18', '0000-00-00 00:00:00', 1, 'VIP'),
(107, 'Amina Bah', '+234-817-555-0000', '2025-04-25 14:21:18', '0000-00-00 00:00:00', 1, 'Regular'),
(108, 'Gabriel Silva', '+55-21-95555-5555', '2025-04-25 14:21:18', '0000-00-00 00:00:00', 1, 'Regular'),
(109, 'Zeynep Demir', '+90-532-555-1212', '2025-04-25 14:21:18', '0000-00-00 00:00:00', 1, 'VIP'),
(110, 'Olivier Dubois', '+33-6-5555-5555', '2025-05-05 09:02:29', '0000-00-00 00:00:00', 1, 'Regular'),
(111, 'Mei Chen', '+86-135-5555-5555', '2025-05-05 09:02:29', '0000-00-00 00:00:00', 1, 'VIP'),
(112, 'Alejandro García', '+52-55-5555-5555', '2025-04-25 14:32:30', '2025-04-25 11:32:30', 1, 'Regular'),
(113, 'Anya Petrova', '+7-916-555-5555', '2025-04-25 14:21:18', '0000-00-00 00:00:00', 1, 'VIP'),
(114, 'Mohamed Ali', '+20-100-555-5555', '2025-04-25 14:21:18', '0000-00-00 00:00:00', 1, 'Regular'),
(115, 'Sofia Costa', '+351-925-555-555', '2025-04-25 14:21:18', '0000-00-00 00:00:00', 1, 'VIP'),
(116, 'Luca Rossi', '+39-333-555-5555', '2025-04-25 14:21:18', '0000-00-00 00:00:00', 1, 'Regular'),
(117, 'Yuki Nakamura', '+81-80-5555-7777', '2025-04-25 14:21:18', '0000-00-00 00:00:00', 1, 'VIP'),
(118, 'Isabella Gomez', '+57-310-555-5555', '2025-04-25 14:21:18', '0000-00-00 00:00:00', 1, 'Regular'),
(119, 'Bobur Anvar ugli Abdurakhimov', '+998 (93) 225-84-93', '2025-04-25 11:30:37', '0000-00-00 00:00:00', 1, 'Regular'),
(120, 'Bobur', '+998 (93) 225-84-93', '2025-04-26 12:39:14', '0000-00-00 00:00:00', 1, 'Regular'),
(121, 'Bobur', '+998 (93) 225-84-93', '2025-04-26 12:39:46', '0000-00-00 00:00:00', 1, 'VIP'),
(122, 'Bobur', '+998 (93) 225-84-93', '2025-04-26 12:41:19', '0000-00-00 00:00:00', 1, 'Regular'),
(123, 'Bobur Abdurahimov', '+998 (93) 225-84-93', '2025-04-26 12:42:30', '0000-00-00 00:00:00', 1, 'Regular'),
(124, 'Bobur Anvar ugli Abdurakhimov', '+998 (99) 122-42-17', '2025-04-26 12:46:05', '0000-00-00 00:00:00', 1, 'VIP'),
(125, 'Bobur Anvar ugli Abdurakhimov', '+998 (99) 122-42-17', '2025-04-26 12:46:52', '0000-00-00 00:00:00', 1, 'VIP'),
(126, 'Bobur Abdurahimov', '+998 (99) 122-42-17', '2025-04-26 12:48:57', '0000-00-00 00:00:00', 1, 'VIP'),
(127, 'Bobur Abdurahimov', '+998 (99) 122-42-17', '2025-04-26 12:50:53', '0000-00-00 00:00:00', 1, 'VIP'),
(128, 'Bobur', '+998 (99) 122-42-17', '2025-04-26 12:56:29', '0000-00-00 00:00:00', 1, 'VIP'),
(129, 'Bobur', '+998 (93) 225-84-93', '2025-04-26 12:57:17', '0000-00-00 00:00:00', 1, 'VIP'),
(130, 'Bobur Abdurahimov', '+998 (99) 122-42-17', '2025-04-26 12:59:45', '0000-00-00 00:00:00', 1, 'VIP'),
(131, 'Bobur Abdurahimov', '+998 (99) 122-42-17', '2025-04-27 11:39:22', '0000-00-00 00:00:00', 1, 'VIP'),
(132, 'Bobur', '+998 (99) 122-42-17', '2025-04-27 12:29:34', '0000-00-00 00:00:00', 1, 'VIP'),
(133, 'Bobur Abdurahimov', '+998 (99) 122-42-17', '2025-04-28 02:16:24', '0000-00-00 00:00:00', 1, 'VIP'),
(134, 'Alejandro García', '+998 (93) 225-84-93', '2025-04-28 02:22:53', '0000-00-00 00:00:00', 1, 'VIP'),
(135, 'Alejandro García', '+998 (99) 122-42-17', '2025-04-28 02:23:57', '0000-00-00 00:00:00', 1, 'VIP'),
(136, 'Alejandro García', '+9986046465', '2025-04-28 02:24:47', '0000-00-00 00:00:00', 1, 'VIP'),
(137, 'Bobur Anvar ugli Abdurakhimov', '+998 (93) 225-84-93', '2025-04-28 02:33:31', '0000-00-00 00:00:00', 1, 'VIP'),
(138, 'Bobur Anvar ugli Abdurakhimov', '+998 (99) 122-42-17', '2025-04-28 02:40:10', '0000-00-00 00:00:00', 1, 'VIP'),
(139, 'Alejandro García', '+998 (97) 934-42-17', '2025-04-28 02:40:23', '0000-00-00 00:00:00', 1, 'Regular'),
(140, 'Bobur', '+998 (88) 931-64-48', '2025-04-28 02:43:29', '0000-00-00 00:00:00', 1, 'VIP'),
(141, 'Bobur Anvar ugli Abdurakhimov', '+998 (88) 931-64-48', '2025-04-28 02:49:28', '0000-00-00 00:00:00', 1, 'Regular'),
(142, 'Bobur Abdurahimov', '+998 (88) 931-64-48', '2025-04-28 02:51:43', '0000-00-00 00:00:00', 1, 'Regular'),
(143, 'Bobur', '+998 (97) 934-42-17', '2025-04-28 02:58:42', '0000-00-00 00:00:00', 1, 'Regular'),
(144, 'Bobur Anvar ugli Abdurakhimov', '+998 (99) 122-42-17', '2025-04-28 03:02:10', '0000-00-00 00:00:00', 1, 'VIP'),
(145, 'Bobur', '99 891-29-86', '2025-04-28 03:05:23', '0000-00-00 00:00:00', 1, 'VIP'),
(146, 'Bobur Anvar ugli Abdurakhimov', '+998 (99) 122-42-17', '2025-04-28 03:07:46', '0000-00-00 00:00:00', 1, 'VIP'),
(147, 'Bobur Abdurahimov', '+998 (93) 225-84-93', '2025-04-28 03:09:31', '0000-00-00 00:00:00', 1, 'Regular'),
(148, 'uuuuuuuuuu', '99 891-29-86', '2025-04-28 03:09:59', '0000-00-00 00:00:00', 1, 'Regular'),
(149, 'uuuuuuuuuu11', '+998 (93) 225-84-93', '2025-04-28 03:13:48', '0000-00-00 00:00:00', 1, 'Regular'),
(150, 'Alejandro García', '+998 (88) 931-64-48', '2025-04-28 03:17:15', '0000-00-00 00:00:00', 1, 'Regular'),
(151, 'Bobur', '+998 (93) 225-84-93', '2025-04-28 03:17:44', '0000-00-00 00:00:00', 1, 'Regular'),
(152, 'Alejandro García', '+998 (93) 225-84-93', '2025-04-28 03:30:39', '0000-00-00 00:00:00', 1, 'VIP'),
(153, 'uuuuuuuuuu', '+998 (88) 931-64-48', '2025-04-28 03:37:42', '0000-00-00 00:00:00', 1, 'VIP'),
(154, 'Bobur Abdurahimov', '+998 (99) 122-42-17', '2025-04-28 03:38:42', '0000-00-00 00:00:00', 1, 'Regular'),
(155, 'Bobur Anvar ugli Abdurakhimov', '+998 (91) 298-68-64', '2025-04-28 03:42:21', '0000-00-00 00:00:00', 1, 'Regular'),
(156, 'Bobur', '+998 (93) 225-84-93', '2025-04-28 03:42:49', '0000-00-00 00:00:00', 1, 'VIP'),
(157, 'Bobur Abdurahimov', '+998 (88) 931-64-48', '2025-04-28 03:44:41', '0000-00-00 00:00:00', 1, 'Regular'),
(158, 'Bobur Anvar ugli Abdurakhimov', '+998 (93) 225-84-93', '2025-04-28 03:47:18', '0000-00-00 00:00:00', 1, 'VIP'),
(159, 'Bobur Abdurahimov', '+998 (93) 225-84-93', '2025-04-28 03:55:32', '0000-00-00 00:00:00', 1, 'VIP'),
(160, 'Bobur Anvar ugli Abdurakhimov', '+998 (99) 122-42-17', '2025-04-28 03:57:26', '0000-00-00 00:00:00', 1, 'VIP'),
(161, 'Bobur Abdurahimov', '+998 (99) 122-42-17', '2025-04-28 03:59:14', '0000-00-00 00:00:00', 1, 'VIP'),
(162, 'Bobur', '+998 (93) 225-84-93', '2025-04-28 03:59:27', '0000-00-00 00:00:00', 1, 'Regular'),
(163, 'Bobur', '+998 (93) 225-84-93', '2025-04-28 04:01:18', '0000-00-00 00:00:00', 1, 'Regular'),
(164, 'Bobur Abdurahimov', '+998 (93) 225-84-93', '2025-04-28 10:43:37', '0000-00-00 00:00:00', 1, 'VIP'),
(165, 'Bobur', '+998 (93) 225-84-93', '2025-04-29 02:40:30', '0000-00-00 00:00:00', 1, 'VIP'),
(166, 'Bobur Abdurahimov', '+998 (93) 225-84-93', '2025-04-29 02:54:18', '0000-00-00 00:00:00', 1, 'Regular'),
(167, 'Bobur', '+998 (93) 225-84-93', '2025-04-29 02:59:39', '0000-00-00 00:00:00', 1, 'VIP'),
(168, 'Bobur Abdurahimov', '+998 (93) 225-84-93', '2025-04-29 02:59:59', '0000-00-00 00:00:00', 1, 'VIP'),
(169, 'Bobur', '+998 (93) 225-84-93', '2025-04-29 03:00:23', '0000-00-00 00:00:00', 1, 'VIP'),
(170, 'Bobur Anvar ugli Abdurakhimov', '+998 (99) 122-42-17', '2025-04-29 03:03:55', '0000-00-00 00:00:00', 1, 'Regular'),
(171, 'Bobur', '+998 (93) 225-84-93', '2025-04-29 03:07:58', '0000-00-00 00:00:00', 1, 'Regular'),
(172, 'Bobur', '+998 (93) 225-84-93', '2025-04-29 03:17:52', '0000-00-00 00:00:00', 1, 'Regular'),
(173, 'Bobur Abdurahimov', '+998 (99) 122-42-17', '2025-04-29 03:23:58', '0000-00-00 00:00:00', 1, 'VIP'),
(174, 'Bobur', '+998 (93) 225-84-93', '2025-04-29 03:24:39', '0000-00-00 00:00:00', 1, 'Regular'),
(175, 'Bobur', '+998 (93) 225-84-93', '2025-04-29 03:27:12', '0000-00-00 00:00:00', 1, 'Regular'),
(176, 'Bobur', '+998 (93) 225-84-93', '2025-04-29 03:31:37', '0000-00-00 00:00:00', 1, 'Regular'),
(177, 'Bobur', '+998 (93) 225-84-93', '2025-04-29 03:32:36', '0000-00-00 00:00:00', 1, 'VIP'),
(178, 'Bobur Abdurahimov', '+998 (93) 225-84-93', '2025-04-29 03:35:25', '0000-00-00 00:00:00', 1, 'Regular'),
(179, 'Bobur', '+998 (99) 122-42-17', '2025-04-29 04:05:44', '0000-00-00 00:00:00', 1, 'VIP'),
(180, 'Bobur Abdurahimov', '+998 (99) 122-42-17', '2025-04-29 04:06:18', '0000-00-00 00:00:00', 1, 'Regular'),
(181, 'Bobur Abdurahimov', '+998 (93) 225-84-93', '2025-04-29 04:10:15', '0000-00-00 00:00:00', 1, 'VIP'),
(182, 'Bobur Abdurahimov', '+998 (93) 225-84-93', '2025-04-29 04:12:39', '0000-00-00 00:00:00', 1, 'VIP'),
(183, 'Bobur Abdurahimov', '+998 (93) 225-84-93', '2025-04-29 04:13:40', '0000-00-00 00:00:00', 1, 'VIP'),
(184, 'Bobur', '+998 (93) 225-84-93', '2025-04-29 05:03:43', '0000-00-00 00:00:00', 1, 'Regular'),
(185, 'Bobur Anvar ugli Abdurakhimov', '+998 (93) 225-84-93', '2025-04-29 05:18:39', '0000-00-00 00:00:00', 1, 'Regular'),
(186, 'Bobur', '+998 (99) 122-42-17', '2025-04-29 05:21:21', '0000-00-00 00:00:00', 1, 'Regular'),
(187, 'Bobur Abdurahimov', '+998 (93) 225-84-93', '2025-04-29 05:21:58', '0000-00-00 00:00:00', 1, 'VIP'),
(188, 'Bobur Anvar ugli Abdurakhimov', '+998 (99) 122-42-17', '2025-04-29 05:23:48', '0000-00-00 00:00:00', 1, 'Regular'),
(189, 'Bobur', '+998 (97) 934-42-17', '2025-04-29 05:28:52', '0000-00-00 00:00:00', 1, 'Regular'),
(190, 'Bobur Abdurahimov', '+998 (99) 122-42-17', '2025-04-29 05:30:27', '0000-00-00 00:00:00', 1, 'Regular'),
(191, 'Bobur Anvar ugli Abdurakhimov', '+998 (99) 122-42-17', '2025-04-29 05:42:40', '0000-00-00 00:00:00', 1, 'VIP'),
(192, 'Bobur Abdurahimov', '+998 (93) 225-84-93', '2025-04-29 05:43:15', '0000-00-00 00:00:00', 1, 'VIP'),
(193, 'Bobur Abdurahimov', '+998 (99) 122-42-17', '2025-04-29 05:53:36', '0000-00-00 00:00:00', 1, 'Regular'),
(194, 'Bobur Abdurahimov', '+998 (93) 225-84-93', '2025-04-29 05:56:33', '0000-00-00 00:00:00', 1, 'VIP'),
(195, 'Bobur Anvar ugli Abdurakhimov', '+998 (93) 225-84-93', '2025-04-29 05:58:42', '0000-00-00 00:00:00', 1, 'VIP'),
(196, 'Bobur', '+998 (99) 122-42-17', '2025-04-29 06:03:27', '0000-00-00 00:00:00', 1, 'VIP'),
(197, 'Bobur Anvar ugli Abdurakhimov', '+998 (99) 122-42-17', '2025-04-29 06:05:49', '0000-00-00 00:00:00', 1, 'Regular'),
(198, 'Bobur Abdurahimov', '+998 (93) 225-84-93', '2025-04-29 06:09:15', '0000-00-00 00:00:00', 1, 'Regular'),
(199, 'Bobur', '+998 (93) 225-84-93', '2025-04-29 06:11:39', '0000-00-00 00:00:00', 1, 'Regular'),
(200, 'Bobur Abdurahimov', '+998 (93) 225-84-93', '2025-04-29 06:26:48', '0000-00-00 00:00:00', 1, 'Regular'),
(201, 'Bobur Anvar ugli Abdurakhimov', '+998 (93) 225-84-93', '2025-04-29 07:01:04', '0000-00-00 00:00:00', 1, 'Regular'),
(202, 'Bobur Abdurahimov', '+998 (99) 122-42-17', '2025-04-30 11:16:52', '2025-04-30 08:16:52', 1, 'VIP'),
(203, 'Alejandro García 2', '+998 (93) 225-84-93', '2025-05-06 00:44:18', '0000-00-00 00:00:00', 1, 'VIP'),
(204, 'Shaxboz', '+998 (97) 934-42-17', '2025-05-06 03:29:08', '0000-00-00 00:00:00', 1, 'VIP');

-- --------------------------------------------------------

--
-- Структура таблицы `order_items`
--

CREATE TABLE `order_items` (
  `id` bigint(20) UNSIGNED NOT NULL,
  `client_id` bigint(20) NOT NULL,
  `bar_item_id` bigint(20) NOT NULL,
  `quantity` bigint(20) NOT NULL,
  `price_at_order` decimal(10,2) NOT NULL,
  `created_at` timestamp NOT NULL DEFAULT current_timestamp() ON UPDATE current_timestamp(),
  `updated_At` timestamp NOT NULL DEFAULT current_timestamp(),
  `status` int(11) NOT NULL,
  `Payment_status` varchar(255) NOT NULL
) ENGINE=InnoDB DEFAULT CHARSET=utf8mb4 COLLATE=utf8mb4_general_ci;

--
-- Дамп данных таблицы `order_items`
--

INSERT INTO `order_items` (`id`, `client_id`, `bar_item_id`, `quantity`, `price_at_order`, `created_at`, `updated_At`, `status`, `Payment_status`) VALUES
(601, 101, 301, 2, 0.00, '2025-04-25 13:35:08', '0000-00-00 00:00:00', 1, 'paid'),
(602, 102, 302, 3, 0.00, '2025-04-25 13:35:08', '0000-00-00 00:00:00', 1, 'pending'),
(603, 103, 303, 1, 0.00, '2025-04-25 13:35:08', '0000-00-00 00:00:00', 1, 'paid'),
(604, 104, 304, 3, 0.00, '2025-04-25 13:38:07', '0000-00-00 00:00:00', 0, 'paid'),
(605, 105, 305, 2, 0.00, '2025-04-25 13:38:07', '0000-00-00 00:00:00', 0, 'pending'),
(606, 106, 306, 4, 0.00, '2025-04-25 13:38:07', '0000-00-00 00:00:00', 0, 'paid'),
(607, 107, 307, 1, 0.00, '2025-04-25 13:38:07', '0000-00-00 00:00:00', 0, 'paid'),
(608, 108, 308, 5, 0.00, '2025-04-25 13:38:07', '0000-00-00 00:00:00', 0, 'pending'),
(609, 109, 309, 2, 0.00, '2025-04-25 13:38:07', '0000-00-00 00:00:00', 0, 'paid'),
(610, 200, 309, 1, 1200.00, '2025-05-01 06:27:16', '2025-04-30 11:51:55', 0, 'paid'),
(611, 200, 314, 1, 2200.00, '2025-05-01 06:27:16', '2025-04-30 11:51:55', 0, 'paid'),
(612, 200, 304, 1, 850.00, '2025-05-01 06:27:16', '2025-04-30 11:51:55', 0, 'paid'),
(613, 202, 302, 1, 899.00, '2025-04-30 12:42:03', '2025-04-30 11:52:39', 0, 'paid'),
(614, 202, 309, 1, 1200.00, '2025-04-30 12:42:03', '2025-04-30 11:52:39', 0, 'paid'),
(615, 201, 309, 1, 1200.00, '2025-04-30 13:06:55', '2025-04-30 11:55:04', 0, 'paid'),
(616, 201, 310, 1, 1350.00, '2025-04-30 13:06:55', '2025-04-30 11:55:04', 0, 'paid'),
(617, 201, 303, 1, 1500.00, '2025-04-30 13:06:55', '2025-04-30 11:55:04', 0, 'paid'),
(618, 201, 314, 6, 2200.00, '2025-04-30 13:06:55', '2025-04-30 11:55:04', 0, 'paid'),
(619, 202, 310, 10, 1350.00, '2025-04-30 12:42:03', '2025-04-30 11:56:11', 0, 'paid'),
(620, 202, 309, 1, 1200.00, '2025-04-30 12:42:03', '2025-04-30 12:08:16', 0, 'paid'),
(621, 201, 310, 1, 1350.00, '2025-04-30 13:06:55', '2025-04-30 12:17:27', 0, 'paid'),
(622, 202, 310, 1, 1350.00, '2025-04-30 12:59:43', '2025-04-30 12:59:39', 0, 'paid'),
(623, 202, 310, 1, 1350.00, '2025-04-30 13:01:48', '2025-04-30 13:01:25', 0, 'paid'),
(624, 202, 302, 1, 899.00, '2025-05-02 06:03:19', '2025-05-02 06:03:00', 0, 'paid'),
(625, 202, 301, 1, 1250.00, '2025-05-02 06:03:19', '2025-05-02 06:03:00', 0, 'paid'),
(626, 202, 303, 1, 1500.00, '2025-05-02 06:03:19', '2025-05-02 06:03:00', 0, 'paid'),
(627, 202, 302, 1, 899.00, '2025-05-02 10:56:07', '2025-05-02 10:20:28', 0, 'paid'),
(628, 202, 309, 1, 1200.00, '2025-05-02 10:56:07', '2025-05-02 10:20:28', 0, 'paid'),
(629, 202, 310, 1, 1350.00, '2025-05-02 10:56:07', '2025-05-02 10:20:28', 0, 'paid'),
(630, 146, 310, 1, 1350.00, '2025-05-06 02:48:34', '2025-05-05 09:42:51', 0, 'paid'),
(631, 146, 309, 1, 1200.00, '2025-05-06 02:48:34', '2025-05-05 09:42:51', 0, 'paid'),
(632, 203, 302, 1, 899.00, '2025-05-06 03:46:30', '2025-05-06 03:45:29', 0, 'paid'),
(633, 203, 309, 1, 1200.00, '2025-05-06 03:46:30', '2025-05-06 03:45:29', 0, 'paid'),
(634, 203, 301, 1, 1250.00, '2025-05-06 03:46:30', '2025-05-06 03:45:29', 0, 'paid'),
(635, 203, 304, 1, 850.00, '2025-05-06 03:46:30', '2025-05-06 03:45:29', 0, 'paid'),
(636, 203, 305, 1, 1450.00, '2025-05-06 03:46:30', '2025-05-06 03:45:29', 0, 'paid'),
(637, 203, 303, 1, 1500.00, '2025-05-06 03:46:30', '2025-05-06 03:45:29', 0, 'paid'),
(638, 203, 314, 1, 2200.00, '2025-05-06 03:46:30', '2025-05-06 03:45:29', 0, 'paid'),
(639, 105, 302, 1, 899.00, '2025-05-06 03:47:04', '2025-05-06 03:47:02', 0, 'paid'),
(640, 105, 309, 1, 1200.00, '2025-05-06 03:47:04', '2025-05-06 03:47:02', 0, 'paid'),
(641, 105, 310, 1, 1350.00, '2025-05-06 03:47:04', '2025-05-06 03:47:02', 0, 'paid'),
(642, 105, 301, 1, 1250.00, '2025-05-06 03:47:04', '2025-05-06 03:47:02', 0, 'paid'),
(643, 204, 302, 4, 899.00, '2025-05-06 06:30:42', '2025-05-06 06:30:10', 0, 'paid'),
(644, 204, 309, 1, 1200.00, '2025-05-06 06:30:42', '2025-05-06 06:30:10', 0, 'paid'),
(645, 204, 303, 1, 1500.00, '2025-05-06 06:30:42', '2025-05-06 06:30:10', 0, 'paid'),
(646, 204, 314, 1, 2200.00, '2025-05-06 06:30:42', '2025-05-06 06:30:10', 0, 'paid');

-- --------------------------------------------------------

--
-- Структура таблицы `order_pools`
--

CREATE TABLE `order_pools` (
  `id` bigint(20) NOT NULL,
  `client_id` bigint(20) NOT NULL,
  `pool_id` bigint(20) NOT NULL,
  `start_time` timestamp NOT NULL DEFAULT current_timestamp() ON UPDATE current_timestamp(),
  `end_time` datetime DEFAULT NULL,
  `created_at` timestamp NOT NULL DEFAULT current_timestamp() ON UPDATE current_timestamp(),
  `updated_at` timestamp NOT NULL DEFAULT current_timestamp() ON UPDATE current_timestamp(),
  `status` varchar(255) NOT NULL,
  `payment_status` varchar(255) NOT NULL
) ENGINE=InnoDB DEFAULT CHARSET=utf8mb4 COLLATE=utf8mb4_general_ci;

--
-- Дамп данных таблицы `order_pools`
--

INSERT INTO `order_pools` (`id`, `client_id`, `pool_id`, `start_time`, `end_time`, `created_at`, `updated_at`, `status`, `payment_status`) VALUES
(115, 170, 202, '2025-05-06 06:25:07', '2025-05-06 12:25:06', '2025-05-06 06:25:07', '2025-05-06 06:25:07', 'ordered', 'paid'),
(116, 115, 203, '2025-05-06 06:28:48', '2025-05-06 11:25:21', '2025-05-06 06:28:48', '2025-05-06 06:28:48', 'completed', 'paid'),
(117, 115, 204, '2025-05-06 06:28:48', '2025-05-06 11:28:48', '2025-05-06 06:28:48', '2025-05-06 06:28:48', 'completed', 'paid'),
(118, 170, 203, '2025-05-06 06:25:37', '2025-05-06 12:25:35', '2025-05-06 06:25:37', '2025-05-06 06:25:37', 'ordered', 'paid'),
(119, 115, 205, '2025-05-06 06:28:48', '2025-05-06 11:28:48', '2025-05-06 06:28:48', '2025-05-06 06:28:48', 'completed', 'paid'),
(120, 204, 208, '2025-05-06 06:30:42', '2025-05-06 11:30:42', '2025-05-06 06:30:42', '2025-05-06 06:30:42', 'completed', 'paid'),
(121, 204, 206, '2025-05-06 06:31:08', '2025-05-06 11:31:08', '2025-05-06 06:31:08', '2025-05-06 06:31:08', 'completed', 'unpaid'),
(122, 204, 209, '2025-05-06 06:31:17', NULL, '2025-05-06 06:31:17', '2025-05-06 06:31:17', 'ordered', 'unpaid');

-- --------------------------------------------------------

--
-- Структура таблицы `penalty`
--

CREATE TABLE `penalty` (
  `id` bigint(20) UNSIGNED NOT NULL,
  `client_id` bigint(20) DEFAULT NULL,
  `description` longtext NOT NULL,
  `price` bigint(20) NOT NULL,
  `status` varchar(255) NOT NULL,
  `created_at` timestamp NOT NULL DEFAULT current_timestamp() ON UPDATE current_timestamp()
) ENGINE=InnoDB DEFAULT CHARSET=utf8mb4 COLLATE=utf8mb4_general_ci;

--
-- Дамп данных таблицы `penalty`
--

INSERT INTO `penalty` (`id`, `client_id`, `description`, `price`, `status`, `created_at`) VALUES
(401, NULL, 'Damaged Pool Chair', 3500, '1', '2025-04-25 13:35:08'),
(402, NULL, 'Broken Glass Bottle', 5000, '1', '2025-04-25 13:35:08'),
(403, NULL, 'Lost Locker Key', 1000, '1', '2025-04-25 13:35:08'),
(7004, NULL, 'Damaged pool thermometer', 4500, '0', '2025-04-25 13:38:07'),
(7005, NULL, 'Food in restricted area', 3000, '0', '2025-04-25 13:38:07'),
(7006, NULL, 'Late return of pool equipment', 2000, '0', '2025-04-25 13:38:07'),
(7007, 199, 'qq', 100, '0', '2025-05-01 04:58:33'),
(7008, 199, '10', 100, '0', '2025-05-01 05:01:01'),
(7009, 199, '10', 100, '0', '2025-05-01 05:02:04'),
(7010, 199, '1000', 100, '0', '2025-05-01 05:02:12'),
(7011, 199, '11', 100, '0', '2025-05-01 05:04:13'),
(7012, 199, '100', 1000, 'paid', '2025-05-01 08:15:21'),
(7013, 202, 'mm', 100, 'paid', '2025-05-01 08:15:12'),
(7014, 199, '100', 20, 'paid', '2025-05-01 08:15:21'),
(7015, 202, '1212121', 1000, 'paid', '2025-05-02 06:03:19'),
(7016, 202, '123123', 1555, 'paid', '2025-05-02 10:56:07'),
(7017, 178, '100', 100, 'paid', '2025-05-05 09:09:46'),
(7018, 203, '651561', 1300, 'paid', '2025-05-06 03:46:30'),
(7019, 105, '100', 15610, 'paid', '2025-05-06 03:46:45'),
(7020, 204, 'gjhghk', 100, 'paid', '2025-05-06 06:30:42');

-- --------------------------------------------------------

--
-- Структура таблицы `pool`
--

CREATE TABLE `pool` (
  `id` bigint(20) UNSIGNED NOT NULL,
  `pool_num` bigint(20) NOT NULL,
  `hourly_rate` bigint(20) NOT NULL,
  `status` bigint(20) NOT NULL,
  `created_at` timestamp NOT NULL DEFAULT current_timestamp() ON UPDATE current_timestamp(),
  `updated_at` timestamp NOT NULL DEFAULT '0000-00-00 00:00:00',
  `description` longtext NOT NULL,
  `status_pool` varchar(255) NOT NULL,
  `img_url` varchar(255) NOT NULL
) ENGINE=InnoDB DEFAULT CHARSET=utf8mb4 COLLATE=utf8mb4_general_ci;

--
-- Дамп данных таблицы `pool`
--

INSERT INTO `pool` (`id`, `pool_num`, `hourly_rate`, `status`, `created_at`, `updated_at`, `description`, `status_pool`, `img_url`) VALUES
(201, 1, 6000, 1, '2025-05-06 06:25:00', '0000-00-00 00:00:00', 'VIP Jacuzzi Pool with Heated Water', 'maintenance', ''),
(202, 2, 4500, 1, '2025-05-06 06:25:05', '0000-00-00 00:00:00', 'Olympic Training Pool', 'ordered', ''),
(203, 3, 5500, 1, '2025-05-06 06:27:42', '0000-00-00 00:00:00', 'Family Pool - Closed for Cleaning', 'maintenance', ''),
(204, 4, 4800, 1, '2025-05-06 06:28:55', '0000-00-00 00:00:00', 'Kids Pool with Water Slides and Shallow Depth', 'available', '/img/kids-pool.jpg'),
(205, 5, 7200, 1, '2025-05-06 06:28:55', '0000-00-00 00:00:00', 'Saltwater Therapy Pool with Massage Jets', 'available', '/img/therapy-pool.jpg'),
(206, 6, 8500, 1, '2025-05-06 06:31:16', '0000-00-00 00:00:00', 'Rooftop Infinity Pool with Skyline Views', 'available', '/img/rooftop-pool.jpg'),
(207, 7, 6800, 1, '2025-05-06 04:17:07', '0000-00-00 00:00:00', 'Olympic-Size Competition Pool (50m Lanes)', 'available', '/img/olympic-pool.jpg'),
(208, 8, 9500, 1, '2025-05-06 06:30:50', '0000-00-00 00:00:00', 'VIP Private Pool with Cabana Service', 'available', '/img/vip-pool.jpg'),
(209, 9, 5500, 1, '2025-05-06 06:31:16', '0000-00-00 00:00:00', 'Natural Spring Pool with Mineral Water', 'ordered', '/img/spring-pool.jpg'),
(210, 10, 7900, 1, '2025-05-06 04:17:07', '0000-00-00 00:00:00', 'Night Swim Pool with LED Lighting System', 'available', '/img/night-pool.jpg');

--
-- Индексы сохранённых таблиц
--

--
-- Индексы таблицы `bar_items`
--
ALTER TABLE `bar_items`
  ADD PRIMARY KEY (`id`);

--
-- Индексы таблицы `billing_records`
--
ALTER TABLE `billing_records`
  ADD PRIMARY KEY (`id`);

--
-- Индексы таблицы `booking`
--
ALTER TABLE `booking`
  ADD PRIMARY KEY (`id`);

--
-- Индексы таблицы `client`
--
ALTER TABLE `client`
  ADD PRIMARY KEY (`id`);

--
-- Индексы таблицы `order_items`
--
ALTER TABLE `order_items`
  ADD PRIMARY KEY (`id`);

--
-- Индексы таблицы `order_pools`
--
ALTER TABLE `order_pools`
  ADD PRIMARY KEY (`id`);

--
-- Индексы таблицы `penalty`
--
ALTER TABLE `penalty`
  ADD PRIMARY KEY (`id`);

--
-- Индексы таблицы `pool`
--
ALTER TABLE `pool`
  ADD PRIMARY KEY (`id`);

--
-- AUTO_INCREMENT для сохранённых таблиц
--

--
-- AUTO_INCREMENT для таблицы `bar_items`
--
ALTER TABLE `bar_items`
  MODIFY `id` bigint(20) UNSIGNED NOT NULL AUTO_INCREMENT, AUTO_INCREMENT=326;

--
-- AUTO_INCREMENT для таблицы `billing_records`
--
ALTER TABLE `billing_records`
  MODIFY `id` bigint(20) UNSIGNED NOT NULL AUTO_INCREMENT, AUTO_INCREMENT=951;

--
-- AUTO_INCREMENT для таблицы `booking`
--
ALTER TABLE `booking`
  MODIFY `id` bigint(20) NOT NULL AUTO_INCREMENT, AUTO_INCREMENT=18;

--
-- AUTO_INCREMENT для таблицы `client`
--
ALTER TABLE `client`
  MODIFY `id` bigint(20) UNSIGNED NOT NULL AUTO_INCREMENT, AUTO_INCREMENT=205;

--
-- AUTO_INCREMENT для таблицы `order_items`
--
ALTER TABLE `order_items`
  MODIFY `id` bigint(20) UNSIGNED NOT NULL AUTO_INCREMENT, AUTO_INCREMENT=647;

--
-- AUTO_INCREMENT для таблицы `order_pools`
--
ALTER TABLE `order_pools`
  MODIFY `id` bigint(20) NOT NULL AUTO_INCREMENT, AUTO_INCREMENT=123;

--
-- AUTO_INCREMENT для таблицы `penalty`
--
ALTER TABLE `penalty`
  MODIFY `id` bigint(20) UNSIGNED NOT NULL AUTO_INCREMENT, AUTO_INCREMENT=7021;

--
-- AUTO_INCREMENT для таблицы `pool`
--
ALTER TABLE `pool`
  MODIFY `id` bigint(20) UNSIGNED NOT NULL AUTO_INCREMENT, AUTO_INCREMENT=211;

DELIMITER $$
--
-- События
--
CREATE DEFINER=`root`@`localhost` EVENT `complete_order_87_1746501836` ON SCHEDULE AT '2025-05-06 09:23:56' ON COMPLETION NOT PRESERVE ENABLE DO BEGIN
                                    UPDATE order_pools 
                                    SET status = 'completed' 
                                    WHERE id = 87 AND status = 'ordered';
                                    
                                    UPDATE pool 
                                    SET status_pool = 'available' 
                                    WHERE id = 204 AND status_pool = 'ordered';
                                END$$

CREATE DEFINER=`root`@`localhost` EVENT `complete_order_90_1746502500` ON SCHEDULE AT '2025-05-06 09:35:00' ON COMPLETION NOT PRESERVE ENABLE DO BEGIN
                                    UPDATE order_pools 
                                    SET status = 'completed' 
                                    WHERE id = 90 AND status = 'ordered';
                                    
                                    UPDATE pool 
                                    SET status_pool = 'available' 
                                    WHERE id = 209 AND status_pool = 'ordered';
                                END$$

CREATE DEFINER=`root`@`localhost` EVENT `complete_order_93_1746502602` ON SCHEDULE AT '2025-05-06 09:36:42' ON COMPLETION NOT PRESERVE ENABLE DO BEGIN
                                    UPDATE order_pools 
                                    SET status = 'completed' 
                                    WHERE id = 93 AND status = 'ordered';
                                    
                                    UPDATE pool 
                                    SET status_pool = 'available' 
                                    WHERE id = 202 AND status_pool = 'ordered';
                                END$$

CREATE DEFINER=`root`@`localhost` EVENT `complete_order_94_1746502768` ON SCHEDULE AT '2025-05-06 09:39:28' ON COMPLETION NOT PRESERVE ENABLE DO BEGIN
                                    UPDATE order_pools 
                                    SET status = 'completed' 
                                    WHERE id = 94 AND status = 'ordered';
                                    
                                    UPDATE pool 
                                    SET status_pool = 'available' 
                                    WHERE id = 204 AND status_pool = 'ordered';
                                END$$

CREATE DEFINER=`root`@`localhost` EVENT `complete_order_96_1746503030` ON SCHEDULE AT '2025-05-06 09:43:50' ON COMPLETION NOT PRESERVE ENABLE DO BEGIN
                                    UPDATE order_pools 
                                    SET status = 'completed' 
                                    WHERE id = 96 AND status = 'ordered';
                                    
                                    UPDATE pool 
                                    SET status_pool = 'available' 
                                    WHERE id = 203 AND status_pool = 'ordered';
                                END$$

CREATE DEFINER=`root`@`localhost` EVENT `complete_order_51_1746166770` ON SCHEDULE AT '2025-05-06 16:19:30' ON COMPLETION NOT PRESERVE ENABLE DO BEGIN
                                    UPDATE order_pools 
                                    SET status = 'completed' 
                                    WHERE id = 51 AND status = 'ordered';
                                    
                                    UPDATE pool 
                                    SET status_pool = 'available' 
                                    WHERE id = 204 AND status_pool = 'ordered';
                                END$$

CREATE DEFINER=`root`@`localhost` EVENT `complete_order_71_1746434484` ON SCHEDULE AT '2025-05-05 14:41:24' ON COMPLETION NOT PRESERVE ENABLE DO BEGIN
                                    UPDATE order_pools 
                                    SET status = 'completed' 
                                    WHERE id = 71 AND status = 'ordered';
                                    
                                    UPDATE pool 
                                    SET status_pool = 'available' 
                                    WHERE id = 201 AND status_pool = 'ordered';
                                END$$

CREATE DEFINER=`root`@`localhost` EVENT `complete_order_72_1746434706` ON SCHEDULE AT '2025-05-05 14:45:06' ON COMPLETION NOT PRESERVE ENABLE DO BEGIN
                                    UPDATE order_pools 
                                    SET status = 'completed' 
                                    WHERE id = 72 AND status = 'ordered';
                                    
                                    UPDATE pool 
                                    SET status_pool = 'available' 
                                    WHERE id = 202 AND status_pool = 'ordered';
                                END$$

CREATE DEFINER=`root`@`localhost` EVENT `complete_order_75_1746434988` ON SCHEDULE AT '2025-05-05 14:49:48' ON COMPLETION NOT PRESERVE ENABLE DO BEGIN
                                    UPDATE order_pools 
                                    SET status = 'completed' 
                                    WHERE id = 75 AND status = 'ordered';
                                    
                                    UPDATE pool 
                                    SET status_pool = 'available' 
                                    WHERE id = 209 AND status_pool = 'ordered';
                                END$$

CREATE DEFINER=`root`@`localhost` EVENT `complete_order_81_1746435387` ON SCHEDULE AT '2025-05-05 14:56:27' ON COMPLETION NOT PRESERVE ENABLE DO BEGIN
                                    UPDATE order_pools 
                                    SET status = 'completed' 
                                    WHERE id = 81 AND status = 'ordered';
                                    
                                    UPDATE pool 
                                    SET status_pool = 'available' 
                                    WHERE id = 202 AND status_pool = 'ordered';
                                END$$

CREATE DEFINER=`root`@`localhost` EVENT `complete_order_100_1746504018` ON SCHEDULE AT '2025-05-06 10:00:18' ON COMPLETION NOT PRESERVE ENABLE DO BEGIN
                                    UPDATE order_pools 
                                    SET status = 'completed' 
                                    WHERE id = 100 AND status = 'ordered';
                                    
                                    UPDATE pool 
                                    SET status_pool = 'available' 
                                    WHERE id = 204 AND status_pool = 'ordered';
                                END$$

CREATE DEFINER=`root`@`localhost` EVENT `complete_order_101_1746504868` ON SCHEDULE AT '2025-05-06 10:14:28' ON COMPLETION NOT PRESERVE ENABLE DO BEGIN
                                    UPDATE order_pools 
                                    SET status = 'completed' 
                                    WHERE id = 101 AND status = 'ordered';
                                    
                                    UPDATE pool 
                                    SET status_pool = 'available' 
                                    WHERE id = 201 AND status_pool = 'ordered';
                                END$$

CREATE DEFINER=`root`@`localhost` EVENT `complete_order_103_1746504918` ON SCHEDULE AT '2025-05-06 10:15:18' ON COMPLETION NOT PRESERVE ENABLE DO BEGIN
                                    UPDATE order_pools 
                                    SET status = 'completed' 
                                    WHERE id = 103 AND status = 'ordered';
                                    
                                    UPDATE pool 
                                    SET status_pool = 'available' 
                                    WHERE id = 203 AND status_pool = 'ordered';
                                END$$

CREATE DEFINER=`root`@`localhost` EVENT `complete_order_104_1746504939` ON SCHEDULE AT '2025-05-06 10:15:39' ON COMPLETION NOT PRESERVE ENABLE DO BEGIN
                                    UPDATE order_pools 
                                    SET status = 'completed' 
                                    WHERE id = 104 AND status = 'ordered';
                                    
                                    UPDATE pool 
                                    SET status_pool = 'available' 
                                    WHERE id = 207 AND status_pool = 'ordered';
                                END$$

CREATE DEFINER=`root`@`localhost` EVENT `complete_order_107_1746505041` ON SCHEDULE AT '2025-05-06 10:17:21' ON COMPLETION NOT PRESERVE ENABLE DO BEGIN
                                    UPDATE order_pools 
                                    SET status = 'completed' 
                                    WHERE id = 107 AND status = 'ordered';
                                    
                                    UPDATE pool 
                                    SET status_pool = 'available' 
                                    WHERE id = 201 AND status_pool = 'ordered';
                                END$$

CREATE DEFINER=`root`@`localhost` EVENT `complete_order_108_1746505055` ON SCHEDULE AT '2025-05-06 10:17:35' ON COMPLETION NOT PRESERVE ENABLE DO BEGIN
                                    UPDATE order_pools 
                                    SET status = 'completed' 
                                    WHERE id = 108 AND status = 'ordered';
                                    
                                    UPDATE pool 
                                    SET status_pool = 'available' 
                                    WHERE id = 202 AND status_pool = 'ordered';
                                END$$

CREATE DEFINER=`root`@`localhost` EVENT `complete_order_113_1746512455` ON SCHEDULE AT '2025-05-06 12:20:55' ON COMPLETION NOT PRESERVE ENABLE DO BEGIN
                                    UPDATE order_pools 
                                    SET status = 'completed' 
                                    WHERE id = 113 AND status = 'ordered';
                                    
                                    UPDATE pool 
                                    SET status_pool = 'available' 
                                    WHERE id = 201 AND status_pool = 'ordered';
                                END$$

CREATE DEFINER=`root`@`localhost` EVENT `complete_order_114_1746512640` ON SCHEDULE AT '2025-05-06 12:24:00' ON COMPLETION NOT PRESERVE ENABLE DO BEGIN
                                    UPDATE order_pools 
                                    SET status = 'completed' 
                                    WHERE id = 114 AND status = 'ordered';
                                    
                                    UPDATE pool 
                                    SET status_pool = 'available' 
                                    WHERE id = 203 AND status_pool = 'ordered';
                                END$$

CREATE DEFINER=`root`@`localhost` EVENT `complete_order_115_1746512706` ON SCHEDULE AT '2025-05-06 12:25:06' ON COMPLETION NOT PRESERVE ENABLE DO BEGIN
                                    UPDATE order_pools 
                                    SET status = 'completed' 
                                    WHERE id = 115 AND status = 'ordered';
                                    
                                    UPDATE pool 
                                    SET status_pool = 'available' 
                                    WHERE id = 202 AND status_pool = 'ordered';
                                END$$

CREATE DEFINER=`root`@`localhost` EVENT `complete_order_118_1746512735` ON SCHEDULE AT '2025-05-06 12:25:35' ON COMPLETION NOT PRESERVE ENABLE DO BEGIN
                                    UPDATE order_pools 
                                    SET status = 'completed' 
                                    WHERE id = 118 AND status = 'ordered';
                                    
                                    UPDATE pool 
                                    SET status_pool = 'available' 
                                    WHERE id = 203 AND status_pool = 'ordered';
                                END$$

DELIMITER ;
COMMIT;

/*!40101 SET CHARACTER_SET_CLIENT=@OLD_CHARACTER_SET_CLIENT */;
/*!40101 SET CHARACTER_SET_RESULTS=@OLD_CHARACTER_SET_RESULTS */;
/*!40101 SET COLLATION_CONNECTION=@OLD_COLLATION_CONNECTION */;
